142.8153301,146.6013591,30.36621317,49.80208823,75.57922799,66.52365902,108.4349811,88.02508067,0,boat
46.84766668,38.28430252,90,123.6898869,161.9957832,76.20035726,65.04289604,178.2950941,0,boat
120.9637111,160.4488299,56.56625058,41.60375528,78.34571114,65.79941135,155.3414932,143.9405652,0,boat
161.5650338,39.80557293,12.99468603,101.3099333,11.25888041,7.125051306,77.69947327,171.4307861,0,boat
167.1149063,175.2362991,51.80555457,49.76363502,70.76474424,55.49152025,142.3297582,140.0796428,0,boat
167.3864448,162.8972957,52.89047541,50.46904178,66.04780013,48.50355963,144.8253385,126.0851128,0,boat
171.5569631,146.8886586,51.53400957,48.04273134,72.67054713,57.96590489,156.5909762,144.4623797,0,boat
171.5569631,174.5883593,49.53000846,44.79963899,70.76473339,61.71610613,152.4528999,150.8026025,0,boat
2.632546883,46.08093087,9.605210033,116.5650508,129.7394769,131.4236605,17.33960117,111.6248111,0,boat
165.6238737,156.0608413,32.14754129,26.72336808,128.9544617,127.5406555,174.7670706,176.5972824,0,boat
179.0248171,153.6941929,30.64521386,30.13538608,143.5334039,123.9008551,155.5733076,147.7381471,0,boat
175.669076,173.1472252,64.94100261,44.68240365,71.59719115,96.34688854,123.8323054,147.7275282,0,boat
178.7074422,158.9323158,43.6500172,32.17930985,104.4879244,98.62057732,143.8118239,148.5049926,0,boat
150.0814803,142.7034975,23.62234322,14.34948685,86.42702444,101.4778885,124.7858409,141.2190611,0,boat
144.4623445,139.085643,29.47587364,13.5704516,78.95909258,97.80020088,113.6294219,131.3537328,0,boat
173.7807578,146.507775,38.27151265,30.15862165,97.73361897,100.4279799,116.5650928,124.1425209,0,boat
171.027294,154.8790817,67.63028598,51.54630408,86.32008089,83.77112309,154.3732029,149.6631593,0,boat
177.4362359,178.6673389,60.87119744,65.07151683,90.00001689,85.50103479,164.9586734,154.9712518,0,boat
179.6853422,175.9142846,62.63926591,53.97263344,85.92185612,91.6470151,138.1534067,148.4820355,0,boat
160.4077451,149.40669,35.74427706,29.66179532,80.69260626,94.7901304,87.09897885,130.8335072,0,boat
174.3187971,171.0726902,54.83824614,55.01277203,76.71251663,55.92957165,47.5270445,118.100323,0,boat
168.453254,170.4615375,47.48955315,52.69606,75.96374885,53.02488591,42.27368616,116.3871178,0,boat
152.850335,151.6992671,45.6342569,42.39744106,84.75285048,70.22243257,81.57303112,131.05483,0,boat
147.5288394,158.0394186,38.99098363,48.6138891,85.51752697,74.29136758,73.16833137,132.9546016,0,boat
142.1250239,146.309954,38.99098905,42.39744106,85.51752697,74.16762531,73.16833137,132.9546016,0,boat
163.3929626,155.5560285,15.62648693,22.38014571,69.55227229,62.51563891,127.0977534,117.1408645,0,boat
171.869886,142.7651767,34.21571149,11.93558177,55.78429658,46.735698,85.91438073,85.68395596,0,boat
121.1629721,143.6814933,33.64761545,23.2317352,49.99635573,73.66812028,94.07112562,117.3210735,0,boat
161.5651094,146.9355069,56.04097816,40.84473711,46.48784449,54.5445115,120.963727,112.3800991,0,boat
157.9695819,140.9255809,52.86654192,40.4709654,45.4521529,51.25472166,108.7868215,103.2527525,0,boat
130.5099792,155.1853664,31.22071373,33.40532208,45.01590289,55.64006134,97.2032332,104.1851381,0,boat
150.0264826,152.5904843,4.332958601,29.72117843,64.1935501,58.72685604,108.819889,103.648469,0,boat
170.0636179,174.8357053,6.00899933,10.50571355,63.43495871,65.40991271,122.9694458,123.3664495,0,boat
175.2364225,163.361184,27.40758678,66.57651545,1.84747955,37.60354557,23.52565426,76.13198718,0,boat
158.6293753,155.9244905,87.29511708,85.1244922,57.04490609,56.1321413,115.8443939,109.2377081,0,boat
27.18109621,108.4349991,50.93023575,105.2551893,1.872312311,3.366506376,127.821168,135.3761106,0,boat
169.0066012,167.9232778,66.87450582,66.84244533,94.976795,91.88230072,139.3372418,130.2206197,0,boat
178.0694319,179.1586032,75.10977252,64.4400616,54.50088477,78.69008933,84.14105098,126.869925,0,boat
174.4723474,178.0908389,61.46356073,67.21184183,70.34617188,74.00911414,116.4828593,131.8201635,0,boat
77.90526922,167.9491933,38.65979012,42.47385991,115.7099658,117.1496742,137.080586,142.3343855,0,boat
158.299475,164.7805631,60.28523032,65.44297922,64.08002329,70.94454396,129.8055535,131.0244622,0,boat
171.4164047,164.5050836,75.96379638,75.02170736,69.77512593,75.01963218,134.4289446,129.407757,0,boat
170.3216709,170.7273745,79.69514185,80.83766686,75.25642676,75.10865231,131.5663579,132.9513774,0,boat
176.1430851,173.6055774,72.04652531,74.93151226,76.77778556,72.38355766,147.5789099,131.0549024,0,boat
171.193283,176.5837304,66.22370338,71.52701493,66.7738307,76.05195162,123.3693773,131.6335913,0,boat
178.7510216,177.0745034,72.14851006,72.88292201,65.78166849,75.2422355,129.4117174,130.1176051,0,boat
165.2965011,170.7273957,79.57927653,66.87345861,68.66123375,77.83979024,135.8145794,124.2409531,0,boat
174.3593735,148.6713355,71.76399614,54.68879819,67.51544893,79.30611047,148.0998295,129.5961487,0,boat
162.6994814,150.2551068,61.50434481,58.17253993,67.28001978,64.10311094,145.7752282,136.3119291,0,boat
145.6196783,41.70267489,28.53999364,152.8970201,106.4600187,113.1701358,145.8403127,128.3408185,0,boat
173.0095292,169.3155698,68.50527347,62.69394934,70.32567439,71.26491521,148.75231,140.572944,0,boat
173.7323043,177.7763042,54.51095168,55.30481226,65.81262563,69.14557122,120.041375,129.7878318,0,boat
171.8699342,176.5466795,70.55996881,75.28321229,58.64722898,59.85552244,118.2036707,114.0842381,0,boat
180,170.1341449,75.8608919,68.82425992,50.33739724,49.96973432,107.4898588,103.9423681,0,boat
48.57637134,149.245632,0.03426402,12.13428847,23.19857928,136.5951829,154.832071,174.2894114,0,boat
176.5936594,177.8283131,75.0183648,81.91137167,33.41657259,45.75185587,82.16831228,97.59461829,0,boat
159.9438689,163.1237093,92.7263004,88.84846934,43.68810547,44.11518136,100.8767417,96.70980337,0,boat
163.7398397,178.6682202,90.00006786,87.38045636,30.69974774,49.46718948,102.2648444,101.3100212,0,boat
164.744933,172.4408761,77.164387,75.10981492,34.63701568,48.3664681,89.18154656,98.13012688,0,boat
162.8670244,178.4587073,50.13978565,59.27421138,34.58282981,43.68477795,78.85300609,95.52757464,0,boat
83.32260953,172.8750038,119.7448847,140.8695983,33.06438046,68.87525542,120.4355238,98.13012516,0,boat
143.2072172,176.7790618,42.42926923,35.72126633,58.67131607,82.32830389,134.1963058,132.4875603,0,boat
157.8999186,149.4897703,41.77897771,29.7448726,69.9848837,78.69011458,128.7843644,151.2602532,0,boat
151.3895,165.7792571,7.64334091,17.4332602,79.45612802,71.39163195,144.7645663,153.8384738,0,boat
155.0803186,161.3975019,6.468477986,16.38953117,76.92303803,69.77515686,138.5119281,145.7388137,0,boat
143.6019792,165.5918465,0.46351633,16.95790433,97.03286954,96.48218916,158.1146704,157.1485159,0,boat
142.7183623,158.1313969,14.23973425,7.148937858,136.9749283,124.2255661,177.3972892,166.9543968,0,boat
131.8201956,138.3664577,36.86987943,171.7344,141.3402044,123.9537065,161.5651094,158.344055,0,boat
123.5034196,14.06144389,40.23638264,151.3976314,135.0000715,144.1351193,174.2069811,167.1062718,0,boat
83.65985315,146.6336278,1.146029767,65.60624271,7.334357216,144.4622798,52.08846729,126.5730159,0,boat
157.2176037,15.83229151,39.70991396,56.34872706,75.34770585,75.34770585,176.0688108,174.0938895,0,boat
174.8057055,177.0646169,51.34019501,61.50436618,76.53480639,76.95436843,174.996176,176.9722385,0,boat
157.7144018,163.1415406,88.09085262,73.86075736,77.81137101,85.91438886,171.3097713,177.8790127,0,boat
86.64710323,102.9685902,3.959283068,93.81408148,72.00836418,90,126.0143109,172.3495244,0,boat
167.4712054,147.7655786,42.51046343,44.89640738,62.02400232,55.60866421,121.4619281,128.0114788,0,boat
141.7979024,143.3256646,32.4925656,36.99881658,67.97485643,60.28523622,134.5217269,110.4260321,0,boat
131.633573,137.3533467,11.70639114,18.51066086,105.5524348,107.8620403,120.4111079,129.7819878,0,boat
128.0364107,146.5268349,7.183540882,36.00355483,88.7444607,91.41048346,131.7491141,140.8248023,0,boat
117.7017072,5.795860328,2.178435547,165.4129336,74.28868736,15.39446712,1.153178933,126.8197651,0,boat
154.6537289,35.54596273,40.746146,39.23096232,82.06521123,79.28948083,115.0461915,102.4880636,0,boat
46.02913575,165.7841653,43.84266944,67.28558435,76.01390885,72.20698214,86.63352196,88.15240649,0,boat
40.91433614,180,44.99999615,63.43495298,41.18592394,109.8552251,81.54931435,130.5807852,0,boat
61.2873353,151.2707382,12.35157186,47.39702765,73.19129328,80.61447842,172.1003674,173.3454503,0,boat
10.85641467,168.0643852,133.6980659,32.66090741,53.16039934,128.9041344,175.8619894,160.6881372,0,boat
21.44774425,5.018407202,0.800885987,98.02729211,171.285507,102.9074051,14.03626143,89.18732426,0,boat
64.58072861,65.2247976,9.605189566,1.193209982,77.74377728,74.60615229,109.7340216,116.291545,0,boat
88.66774803,141.9383338,18.43492298,13.73623888,78.69006321,72.89728285,131.5053777,120.068576,0,boat
141.5197862,164.6618004,13.82435483,2.147489466,72.67053639,66.80141565,85.26511551,90.00001825,0,boat
139.1665171,153.4349933,19.24949676,8.130041603,77.68056895,69.71745653,86.96060838,90.64193451,0,boat
138.3664628,178.6979392,17.6710243,2.086753803,81.1059924,75.93028956,98.72828779,102.5595197,0,boat
139.6355925,141.271063,13.15754234,23.26768227,73.41273042,157.2856079,138.0128976,144.9610689,0,boat
141.5462972,122.4711514,30.18652778,35.40685634,85.68825622,82.19982153,126.1796767,128.0144436,0,boat
84.73759303,16.22054694,72.70753817,3.969557448,6.092747527,23.46682425,135.6342536,117.0298152,0,boat
169.5400862,163.3007382,59.88627381,67.52056787,70.07441885,56.76634098,135.846658,124.2868993,0,boat
167.9053683,3.62147378,81.53866386,76.86596662,63.82031374,69.44399243,142.7266114,134.999999,0,boat
146.3065002,149.5637778,43.66410123,54.9926945,58.69021677,56.86867571,72.88653644,73.02823393,0,boat
133.4518305,89.82314091,30.96373684,34.06091043,32.47114147,85.81504466,32.47115419,30.96371029,0,boat
106.6388208,167.0053747,16.13841962,44.32331245,73.79100252,61.31034758,168.6901058,167.9944235,0,boat
130.4497441,149.6513626,64.33480291,53.82325527,76.02892665,67.43302442,172.3415763,175.6013184,0,boat
139.2141315,75.97446761,13.67646828,171.1836521,2.919468189,2.25923426,8.431562197,1.964931929,0,boat
2.511389815,18.43508497,69.88327783,93.65224931,139.3243191,33.58373271,21.46543608,127.4486075,0,boat
151.504391,176.9642963,29.63837919,35.31121923,74.07942648,46.78992518,19.05623222,84.87869885,0,boat
172.1848028,143.1300352,68.0004318,65.27811745,50.26938272,44.76708927,87.42525591,104.4359546,0,boat
175.2361346,142.1250016,80.47274609,91.00510087,46.58379404,46.08092613,105.2551061,117.6459751,0,boat
162.5972696,136.3639566,89.999988,93.8304724,66.22363994,62.79429273,154.8264664,145.4598942,0,boat
42.87174969,174.4008379,70.65565301,37.87498727,34.14356033,166.4295338,132.2736763,145.5050585,0,boat
138.1798737,3.964719946,66.21412529,0,149.871002,128.6597306,15.16128194,50.59925276,0,boat
4.096103488,58.13036615,0.316517857,2.60263563,167.5339061,97.54941896,74.82931944,4.175654206,0,boat
56.57519173,0.785093459,128.8200836,10.92281216,17.6171563,105.6422305,18.23513454,64.17901095,0,boat
153.4349627,103.8610542,26.56509073,63.4349988,30.9637833,167.9386636,69.34107953,57.75921839,0,boat
84.55963152,5.967819407,46.68466121,12.30800724,153.4348482,57.38075004,145.856464,79.76089989,0,boat
133.0908957,147.4881387,27.70758904,55.2221965,74.48108295,67.24900322,113.7123749,87.70939585,0,boat
174.2072179,178.2100899,65.70539485,79.10445627,68.28950296,55.89551072,165.5102594,157.1262949,0,boat
17.59240543,11.08507152,47.41949823,19.4006402,125.6420968,25.99081245,82.44865186,13.29856226,0,boat
168.1064508,172.7195032,32.93850741,31.99976212,160.5274687,162.661476,63.15105742,66.79892066,1,cobra
165.0832849,172.6910471,32.68537659,31.27882244,163.8451126,163.4171406,60.47888753,70.69228115,1,cobra
168.1113236,174.5597915,17.48800634,16.39439593,155.1808425,162.9303762,147.0950345,96.1155264,1,cobra
162.6705541,176.3321631,4.979568197,13.93481625,166.5749268,170.7207219,81.72775277,46.6848161,1,cobra
163.3930941,174.9363918,19.11296874,23.90404651,153.706487,165.0686188,102.560251,69.44395231,1,cobra
168.8768573,161.0609722,37.58536363,29.4274556,145.2347718,150.5725235,77.27558818,71.61185347,1,cobra
170.3203506,176.7017625,42.95458298,35.95861067,148.2405327,145.5567651,31.75958405,68.6293762,1,cobra
168.566422,179.2146573,29.15691473,28.65181587,163.3090477,162.1107047,65.46914686,61.58736064,1,cobra
162.5789637,170.1975493,25.68902642,31.97513528,146.8516357,140.968782,4.968618505,84.85092768,1,cobra
170.8376202,169.9919715,23.04945247,28.44291607,155.8627911,138.8327237,60.1239745,68.02920088,1,cobra
173.2670477,169.9919715,27.59728627,32.00538781,136.0416354,130.8918675,81.95712292,87.44892998,1,cobra
177.8789204,170.1975693,31.56896124,31.33676206,52.12477097,146.4904319,118.4430713,73.64858743,1,cobra
173.5517123,178.4847008,41.63354232,34.93929306,141.7243358,146.9846641,125.0957829,68.0693662,1,cobra
157.6414625,171.3555257,29.57621588,30.22731552,162.8898768,156.0473954,71.110392,60.70949449,1,cobra
178.754002,173.6598362,30.4046572,31.32869073,154.3590252,147.0801574,83.65982308,71.36631203,1,cobra
173.6597125,166.918483,36.25386545,1.909058582,46.31475717,57.03410375,71.25867461,27.31326765,1,cobra
176.1526418,178.8442785,14.37904199,14.6840709,162.7585369,156.6547626,81.86987226,79.65516371,1,cobra
163.0431612,176.7869731,37.60010344,23.25446019,152.7309598,159.2367944,71.95921538,63.83503622,1,cobra
176.7272067,178.6486741,30.42162367,25.39798025,148.8055121,154.8479678,64.14475297,62.60347611,1,cobra
170.7675818,176.5051441,28.89707767,32.64464043,165.1680303,155.1706745,63.61017356,63.03432436,1,cobra
166.1390044,169.5899022,25.58294705,37.16784508,151.5665071,134.849607,76.18704743,74.57785725,1,cobra
153.4349016,158.2286701,10.05021012,14.66781443,68.09683122,159.4039798,46.38590756,16.42304772,1,cobra
136.7686637,151.4009059,28.8309664,30.02230166,134.7005196,143.1603776,74.32203777,71.62273964,1,cobra
155.8125479,163.1012903,11.54829851,20.06969986,61.60698445,163.9106509,48.47948525,16.5859224,1,cobra
157.4329369,169.9920108,14.43690618,13.1340272,129.0938295,173.4802809,19.98312912,59.72648954,1,cobra
170.7322081,175.6252054,27.82370879,29.35020895,167.7445713,157.0898345,52.3866719,64.25746894,1,cobra
157.4913321,164.8686231,14.2849524,15.32691158,166.0488139,171.8495301,103.1420238,26.38975733,1,cobra
148.3713362,162.5407915,33.22615234,22.27273488,159.4880903,172.4814831,137.654155,42.51058473,1,cobra
170.5735807,164.8759775,26.81095097,29.7448726,164.2269373,166.328718,74.84858164,65.79630742,1,cobra
166.5042111,178.3151852,35.97518846,33.69007067,159.9065189,160.2777272,84.75162058,71.84730264,1,cobra
10.12467303,1.847585478,40.26604417,31.82743745,148.1229601,155.0837798,95.54974649,87.07968193,1,cobra
175.2367103,179.1146347,25.46333666,23.83491831,173.6302478,175.1355424,48.07289156,40.60130523,1,cobra
170.4651448,173.8421531,41.93964443,39.73170162,151.6823871,150.5244179,90.79798789,97.27090281,1,cobra
175.7991885,178.6000238,39.18105231,37.25242902,149.8916916,149.3700185,92.53087507,93.76957288,1,cobra
172.9908097,177.0820744,41.66858264,35.68893603,148.3066378,154.6675735,88.07248106,92.55477246,1,cobra
171.2376716,174.9788997,41.94263866,38.70418655,146.8140629,150.4444855,94.19725996,91.22979549,1,cobra
176.4812479,171.3521863,35.88447918,34.76120331,149.1177519,155.2649957,88.63297454,90.30114176,1,cobra
169.9562303,172.1536466,42.75227578,39.88136473,148.6124557,152.3118666,89.31783555,90.6441535,1,cobra
173.950975,177.0905396,38.64048271,35.40047809,150.9068731,154.156505,86.59779304,86.77993817,1,cobra
175.4260685,180,33.31371103,27.97946841,153.1693926,161.8029819,85.364517,93.21223342,1,cobra
175.7826705,179.5794207,35.93753435,31.88865877,151.6933609,155.3036295,88.74481029,98.1360588,1,cobra
176.9427055,179.4658749,37.97795412,39.54528344,153.7318242,145.1871089,85.3613468,98.14683876,1,cobra
171.7131425,176.9863014,33.64367061,32.46212036,163.5634774,160.5687248,51.73225917,68.71958282,1,cobra
176.55872,179.9374427,40.94808819,39.46369872,147.0617941,149.6097255,91.291855,97.33464781,1,cobra
169.8752104,176.6805801,41.95211073,43.61756609,155.7671948,143.5459548,86.97925846,80.38361258,1,cobra
174.4353862,171.4692389,41.16218656,41.34776599,153.1709437,143.2876976,95.86214046,80.60091627,1,cobra
177.0891943,177.3292887,40.02902694,38.86937947,146.9134798,148.5179644,91.12623422,95.21259904,1,cobra
178.2964721,179.3769317,36.43799489,40.17136716,150.8496189,146.1842755,82.88705828,78.93025048,1,cobra
177.2685601,176.1857652,39.98126869,39.07742597,147.2934569,146.7390986,89.06410646,81.79148674,1,cobra
176.0514147,178.8651232,39.88847454,39.83000424,147.5380642,147.0216939,88.81385111,81.83501085,1,cobra
178.7808326,178.0988514,35.75312707,38.72657883,152.8006604,149.3077517,80.96762378,86.42214031,1,cobra
178.7620376,179.8092259,36.44734875,37.39263185,148.2758397,149.4179718,93.76463209,74.78014402,1,cobra
176.9471269,172.9157314,26.86876197,31.30062025,160.5353176,159.0682857,88.09869182,82.92428393,1,cobra
169.2555393,179.3769317,30.51006831,33.20914609,166.8162133,153.3859028,55.32342681,75.61282393,1,cobra
178.8534581,179.79158,31.54131778,37.59217714,163.8891985,150.4419101,85.48361258,77.98334327,1,cobra
175.6013629,179.5227561,38.51316492,38.63977172,149.8307214,148.9406266,81.48086345,77.96276296,1,cobra
178.6095614,173.741351,35.98300698,33.63673532,153.0990959,152.6431803,77.44987092,78.34498497,1,cobra
173.884418,177.7972626,34.72597402,35.0311203,155.3347246,153.8812625,83.66886728,74.54396721,1,cobra
175.9144763,177.7094488,36.91415611,38.54444807,153.0775844,148.9405737,79.51993245,77.96279613,1,cobra
178.625557,179.3400247,34.93612058,36.31707666,154.8277831,152.5953513,73.16253336,72.40464493,1,cobra
175.763812,175.4258543,37.51128767,38.68838361,150.670296,151.0799908,81.29115965,78.22360587,1,cobra
178.61379,177.2737966,33.75644326,32.82853783,157.7672514,155.7871217,82.87498893,74.5415578,1,cobra
180,179.5679461,32.82531238,35.30221991,158.8156558,153.1913433,75.69649432,78.42387218,1,cobra
174.8870659,179.3788189,35.24759615,33.51647091,158.3691477,156.6987108,83.4712304,77.76299332,1,cobra
157.7435977,176.7016438,35.07376097,31.58034251,165.2734838,161.3636163,66.24631256,62.91478326,1,cobra
178.2747831,179.1095659,33.74509611,35.59438583,156.2081003,153.1360443,85.35347994,77.25134993,1,cobra
179.1903661,177.7092779,33.70686847,35.11913483,155.620779,155.5373505,78.47630635,75.05214157,1,cobra
178.61379,179.9802177,32.37817682,34.11448939,155.9657033,150.9279439,90.62871558,75.495197,1,cobra
178.4387753,175.4835141,32.74135785,31.85236054,157.4039795,153.4636747,80.61089582,77.1999212,1,cobra
176.9565034,179.3400247,35.88735726,34.6777265,157.1523592,152.4165984,80.55852159,78.8537501,1,cobra
172.523674,179.0712727,36.09365737,32.00074168,153.5974065,154.6218294,82.27853991,77.00554623,1,cobra
169.582156,151.4887258,2.76633234,12.23738048,130.7585776,176.7632972,4.832740232,68.26936529,1,cobra
145.7935393,160.0074295,11.51589286,12.85235619,6.943056747,171.1633097,5.73774107,9.446374203,1,cobra
155.7402422,163.7754313,22.38409191,16.95447331,176.9056633,177.6437414,18.43494458,3.813824027,1,cobra
155.6265711,169.3724537,25.03502757,18.2026601,175.9913173,175.273164,79.17973391,69.03429404,1,cobra
18.74976966,177.3458306,171.4861307,30.22478513,157.8536071,157.9613528,63.79355243,73.2321833,1,cobra
162.6825967,174.6480741,24.76607448,26.29550974,161.5650338,160.2797007,61.03790427,80.71998243,1,cobra
160.606671,174.5596114,28.85566555,28.73980361,157.249003,156.7877527,57.13134243,79.70885234,1,cobra
156.5765134,174.5596114,29.68549808,29.53877628,156.3918425,155.9888062,54.87904429,79.70883411,1,cobra
160.3461509,176.8923429,29.35773994,30.62914361,154.5874684,152.4788746,55.58926476,79.31969919,1,cobra
178.4231847,177.1626851,29.35081512,30.62914361,149.0653223,154.6216063,86.8201609,77.17697423,1,cobra
169.2491298,179.4833799,32.10272127,29.50071785,153.2610751,158.0292386,55.58161467,74.78610046,1,cobra
170.0738156,179.4317932,34.58212584,32.12824964,148.525878,153.7413556,63.43492244,76.20049089,1,cobra
172.3822495,171.1779943,30.73817552,31.1103841,154.1288558,155.303515,63.18835051,74.24834669,1,cobra
170.4972365,171.0274473,29.61943793,32.34742506,153.9008103,153.768107,51.18859477,78.69007192,1,cobra
168.6901232,157.8939556,90,41.27709633,123.6901044,169.6950199,149.7781865,94.89903326,1,cobra
149.806389,177.2738684,40.78091734,28.36119603,158.5815923,156.5729141,60.49378229,71.02959759,1,cobra
167.4711582,173.9910985,28.61043579,28.73981072,155.3347574,155.0742891,54.04942062,81.21621818,1,cobra
162.3811286,174.2375804,28.2759579,26.27924678,152.1935489,160.5379824,101.5756712,83.27016223,1,cobra
166.8062297,173.6130023,23.63797747,27.19278643,159.5202184,158.0887935,85.50560631,79.25315121,1,cobra
174.9815928,162.2407489,22.98980457,31.32536051,165.4471984,163.2047152,65.5624969,74.47872066,1,cobra
178.4471962,169.1610783,23.03063942,29.35641639,161.4965153,161.021186,74.70457316,80.02027021,1,cobra
175.0303564,150.7806767,23.40466532,29.75472806,163.3007263,166.3854601,56.83473108,71.83990789,1,cobra
169.02126,171.6973531,23.40468252,27.82047463,163.6104446,157.6198991,76.06594214,81.8699171,1,cobra
162.089982,171.68693,27.66366366,26.40852177,154.7222469,158.2394731,75.25645324,82.5142822,1,cobra
162.0899487,171.957189,28.29244075,27.8037056,156.2960401,159.0352737,76.48749487,77.99844928,1,cobra
165.7253763,168.8667008,27.58707435,28.46893338,158.8845048,158.219308,63.08070307,78.14922135,1,cobra
175.1114783,175.5798194,30.12124775,28.88118681,166.0770442,157.2629862,49.24463691,68.17272733,1,cobra
169.3804192,169.0949908,23.62938197,29.49899095,158.2797552,157.6046023,64.46145574,80.32569343,1,cobra
168.8581615,164.5854382,22.63428868,27.74329361,165.0939552,161.5913054,63.74234759,73.96385474,1,cobra
161.6514957,171.4539199,22.66456494,21.35928194,175.3380096,167.3018369,78.40168289,72.91613179,1,cobra
153.1364826,162.7839033,28.20684587,26.76060997,174.2841969,168.9603676,80.59823095,80.88394403,1,cobra
153.4349551,0.584502923,26.21028949,28.07248608,178.0107171,167.6993805,74.36878268,80.83291298,1,cobra
160.6782468,170.0176882,6.276542107,24.71458365,174.6501249,165.2380855,77.98375528,80.33584992,1,cobra
167.005314,170.9833882,19.7044641,22.29871558,175.0800798,166.8329492,82.49946565,76.00379114,1,cobra
167.4711582,176.6421118,32.19572845,28.92645614,168.5764529,159.3212506,49.24464593,72.06629197,1,cobra
146.5830305,164.0053768,33.15849311,25.7513985,161.1781491,165.023568,65.90475809,73.95841802,1,cobra
170.5377625,168.4248304,21.80140024,25.59125779,162.2842199,160.956491,74.60445204,83.45227414,1,cobra
168.1112407,169.3802339,25.90651324,26.93350841,158.0387337,161.4621866,63.2211309,76.66246474,1,cobra
170.4019766,173.9910333,26.31985201,29.53877628,157.5050384,154.275332,63.65964195,78.75452037,1,cobra
174.9674799,170.6202359,24.72745353,27.58410966,144.2516718,157.86594,126.3031189,78.06364436,1,cobra
165.9010193,171.469262,24.92551646,27.25531459,157.1826431,154.947248,68.0757148,82.60299537,1,cobra
163.4633198,174.769505,26.10345116,23.70489438,157.2787104,157.8073423,76.30798085,80.01725429,1,cobra
171.0046811,177.0805989,28.82812643,28.40332507,164.3563938,159.4707393,76.80918185,68.027761,1,cobra
170.9000925,171.0273159,24.45436818,24.71744235,166.9828554,157.9992908,52.64040572,78.3106142,1,cobra
176.6336681,179.6477849,26.56506019,27.95097867,163.2173305,161.7605878,53.65255549,63.88316715,1,cobra
161.5650446,179.965736,37.87497058,33.80199471,156.1612706,152.1578514,57.5288081,77.30417638,1,cobra
163.950971,176.3646576,25.16686895,26.46311633,179.7982588,159.4605165,71.70377774,68.55225939,1,cobra
168.9765196,174.1808855,33.85714175,31.58033599,158.1985722,162.7473527,83.9040889,60.83241722,1,cobra
164.6131892,176.8741903,33.78468589,30.98252982,165.8279115,163.5080366,79.56438753,66.80208816,1,cobra
160.7480277,176.0009036,33.44164161,28.98301714,172.0405837,164.6618262,72.82050787,70.3461465,1,cobra
163.9184038,179.082081,36.20509661,30.22479191,171.4814262,159.9154473,62.0684131,67.03007767,1,cobra
158.0704335,178.6479502,36.77643753,30.09857169,170.1569726,157.5494152,71.26659928,65.88940012,1,cobra
167.4712054,179.4736243,32.19572845,31.087514,172.4278292,155.4812321,55.51060679,72.12128529,1,cobra
161.4078355,175.1383623,38.22997024,31.60750575,167.1713241,152.3539804,56.93560062,72.64596637,1,cobra
159.1791285,178.7801907,36.07600736,32.22129351,171.0849786,152.6579433,51.8323475,73.8108217,1,cobra
172.9235168,177.6623385,31.82976219,29.50514909,168.7163958,157.6198812,51.812824,71.56504411,1,cobra
163.6104809,179.4202028,32.61923813,30.96377667,173.021943,154.4255798,49.10391289,71.0101608,1,cobra
104.4703329,174.5473782,65.02607601,11.09219195,179.5467284,173.5433553,69.2117855,74.6983524,1,cobra
165.6448508,164.8004797,34.2314261,31.81439928,156.5230925,155.2008807,63.82894996,69.16899114,1,cobra
162.6459209,176.2687038,35.13420459,30.88111031,165.9032766,157.78447,61.83746615,71.02959217,1,cobra
141.3402153,177.0611511,34.13735962,29.7061722,172.4277514,158.4140411,62.93425573,69.07549611,1,cobra
146.309954,155.6096949,35.53766729,33.42212218,164.1161799,155.7130687,63.50336794,68.51457204,1,cobra
164.0179241,176.5666374,31.17997247,32.22126789,162.1248406,157.9702192,57.50044374,68.4985437,1,cobra
160.2496533,167.4880141,10.00508043,13.4770305,166.9488758,179.765932,93.96879453,82.76849548,1,cobra
165.6588246,169.950788,16.63980594,14.9558421,162.1365713,175.0758209,96.96272863,76.00377091,1,cobra
169.9236786,179.6309646,9.767546551,18.67928645,166.8659728,167.660951,93.8139895,79.21578122,1,cobra
171.4269823,165.2564721,13.52715678,14.47030514,163.6104688,163.6205416,96.00903217,81.12482897,1,cobra
12.52877882,172.0564576,178.327894,15.70553148,159.3215794,167.6609351,98.5461156,90,1,cobra
179.4168377,167.2786621,13.65462649,22.17791577,175.5065581,174.1263375,65.02573318,82.93444125,1,cobra
169.9393647,173.0998476,15.90420896,18.67926513,169.3967763,169.7062322,90.89169371,87.95459648,1,cobra
167.1644507,176.3029712,2.88296523,14.61699036,174.3906266,174.0020046,82.42150722,90.38146915,1,cobra
175.7204823,177.7161234,9.519979135,15.52411214,175.4146057,172.1467202,82.23481647,79.85607681,1,cobra
178.3270749,173.2438139,15.70864736,14.065365,169.3301131,177.4931347,62.58104486,31.6074862,1,cobra
178.3527738,179.2916882,12.06669589,16.33472377,179.1971618,176.3635806,81.99877547,86.85101295,1,cobra
175.0304747,178.7809931,9.519979135,14.07696745,174.6990263,178.4517398,83.59027794,80.1342031,1,cobra
153.1616533,168.1113236,22.87369632,18.40844587,174.5963316,169.3945494,98.58359503,86.32045219,1,cobra
170.3566734,176.0291108,13.03932299,12.21344754,165.2670904,166.0068908,95.02122834,91.04526208,1,cobra
173.990968,174.5597915,17.64266232,17.07396295,164.7901017,172.60283,124.0418665,40.76359749,1,cobra
176.4234637,177.5673132,20.55605358,19.63599095,163.2580651,168.6636327,102.5754451,77.70136774,1,cobra
180,175.8879587,16.189195,18.72142407,170.1510212,166.4939422,102.0947055,77.17776753,1,cobra
159.2277024,172.5601136,13.5948381,23.31613426,159.4939096,163.8088943,75.2964829,75.27047584,1,cobra
167.8929059,171.0273816,23.89808718,20.77226873,4.045736619,5.048728355,153.2342557,27.98208154,1,cobra
168.1648376,171.8699825,21.29735775,34.38034586,176.6334936,153.9855848,41.24143155,51.16863732,1,cobra
166.7236219,174.7325483,27.14970246,27.63755439,0.706929143,160.935454,36.32890162,61.09080687,1,cobra
155.3494181,170.4839036,19.4400093,27.9175391,157.5206283,158.786643,71.17080212,74.04384805,1,cobra
179.9115307,177.5514343,13.24201224,11.35317256,176.1261648,172.0344204,84.95296413,75.15725041,1,cobra
161.9924688,170.5218011,31.8625772,32.33881373,165.904805,161.2892721,48.25087678,51.8427631,1,cobra
175.5363417,171.8698618,6.740841517,3.814080736,173.4463218,176.1859193,43.60282136,48.81405234,1,cobra
164.1357948,170.5089932,13.29269658,9.016655413,170.7810655,179.6304347,36.16260881,14.489918,1,cobra
168.3566934,167.9308539,9.286920742,11.74306129,179.4362878,171.1193342,116.3449691,101.8886446,1,cobra
166.7594787,158.1986457,9.16237978,10.61963639,179.0375417,174.1440511,74.16470561,90.67666934,1,cobra
169.3804377,153.6363707,15.42217902,9.989382062,175.0693799,165.686771,76.49572146,97.07635099,1,cobra
168.7590275,167.4224488,23.38522751,15.81253918,146.3099724,177.3776593,175.7372652,162.7725416,1,cobra
166.6074434,172.5687165,18.43492298,23.07365421,171.0273378,173.2620686,62.10273805,88.87035344,1,cobra
63.00430872,11.90803971,24.63453667,21.94539897,3.965065678,9.004313421,18.86885646,105.5250966,2,chair
176.7363119,166.7317736,156.6730483,146.912041,137.1108855,133.7967422,115.5540425,109.7419656,2,chair
175.1258463,168.4045602,155.2032501,146.0144497,137.6303725,137.2704635,118.4148739,111.4854445,2,chair
172.973368,164.6061247,151.9412837,147.1524553,141.4179265,134.3839323,116.0535038,111.5774397,2,chair
178.7374643,166.989058,156.0300811,146.1298406,137.7142221,137.115171,113.5977539,111.5755704,2,chair
179.3870637,164.2271383,154.376859,146.1623194,141.3731703,133.4901356,115.171837,108.9229034,2,chair
180,164.2826264,154.0908136,147.0442936,139.9213791,129.7866896,107.7912227,102.3194302,2,chair
168.4350979,164.4936467,151.4583981,149.1124029,118.8953076,121.3380397,99.98181207,91.46521692,2,chair
167.9059062,166.6586876,148.4144996,152.2222238,123.4494242,118.2265735,96.1422782,88.96950262,2,chair
172.1847525,165.9638371,156.9295701,156.5226382,125.3266586,116.9720422,96.8309913,85.36452685,2,chair
173.4578818,170.5375963,158.1985722,157.5084662,123.3271948,118.974579,99.3154312,50.53434804,2,chair
173.1393873,166.8043895,157.6552382,149.5400023,111.7488357,120.7985498,98.44543172,95.9085572,2,chair
171.3288461,170.2629574,156.2129515,154.2307091,115.8237472,119.5665461,101.8811553,92.78771705,2,chair
176.5550239,168.9399301,153.3500726,149.3165443,131.8132122,125.6558184,121.8335859,45.98106629,2,chair
176.0549871,173.7125031,158.4813761,154.7104607,138.0836358,132.6501572,132.8078734,100.4077058,2,chair
177.005002,165.415239,164.019884,149.5875702,139.9392525,136.7706032,128.7581309,36.12419098,2,chair
172.4822922,166.7251686,164.6970216,147.1537083,138.77391,139.1736626,126.7176097,114.3209412,2,chair
177.4510903,168.6901581,155.667003,147.8510147,142.1586512,139.7339505,109.6955022,113.38936,2,chair
168.3535295,169.5262879,128.7873086,139.6919839,131.232323,119.0161149,142.9242051,133.1830449,2,chair
177.6626734,170.3335821,155.9168065,150.3912395,137.6766702,137.3298008,130.0841958,36.17906529,2,chair
179.2930709,170.5136543,158.7077484,152.7207275,136.6262491,133.2324058,140.4584714,39.32758925,2,chair
170.9443789,168.8683458,150.2786631,150.1787837,132.7480666,129.3485057,112.337524,43.08555959,2,chair
169.5084557,168.6901406,147.680408,150.945428,123.788425,120.4517926,100.9311254,94.40996452,2,chair
169.2010867,166.367467,144.2037256,150.7652893,121.2972648,103.9571879,30.24896184,62.57933473,2,chair
170.5577883,166.0139259,146.8886524,148.9150655,102.8287742,96.68095484,74.2913392,67.59854099,2,chair
178.151885,167.2344612,143.652523,145.5186107,138.7282308,124.8156565,30.59789944,109.7962188,2,chair
174.868514,164.0430974,164.2469381,146.7020115,142.0603446,141.0846478,160.7504825,33.70260355,2,chair
157.1663215,152.3189158,66.12474052,66.71763801,175.3161694,167.7947881,154.8068274,146.0429976,2,chair
169.1435309,149.9027154,120.1789085,111.2210691,177.3673044,175.8529125,142.0947681,135.0869363,2,chair
164.6938905,158.4316944,133.6452655,127.8142295,176.9606872,177.3830391,132.6626626,127.421413,2,chair
6.911258102,17.59243932,131.9606028,130.0382184,177.3399373,177.3828147,130.6163895,125.0019354,2,chair
63.43501789,148.0829855,139.0856534,136.5960775,177.340526,178.1599505,129.3196471,120.2079612,2,chair
153.4349856,66.12474613,137.4895467,133.6452891,176.5837304,175.9142366,127.370272,115.0962332,2,chair
163.8924847,161.2106518,142.4564586,139.7450583,169.8500641,178.2197375,2.318155545,11.88575848,2,chair
180,154.6538645,146.6736995,139.6354396,178.7348321,174.8820866,111.2641052,111.8508946,2,chair
177.2273065,160.1790818,149.0150753,142.1479365,176.4439421,174.2460901,122.6003169,108.2187436,2,chair
163.3038048,157.8047566,143.9753848,143.0995322,174.4009429,173.6528819,117.7205628,105.34228,2,chair
160.7099277,159.2945655,141.8238584,149.4797893,178.7636193,168.219528,113.2642313,96.18862358,2,chair
156.9605543,158.5522371,145.7083002,146.8886399,177.6091079,170.7139681,110.1177678,101.5751666,2,chair
165.2564586,160.4383112,146.4032304,146.6014708,177.4067069,175.927391,117.103206,106.5316728,2,chair
154.7009332,158.344018,141.8567792,147.3553026,179.583629,175.9272467,112.988694,108.2187221,2,chair
163.5946695,157.9057378,146.0514542,153.8394885,178.6222862,176.9419372,115.8209796,111.9295846,2,chair
159.5753211,157.2728402,146.2136068,151.4618077,174.5489957,177.1106592,116.9688809,111.6636248,2,chair
168.6900884,155.0819235,153.8656588,147.7407511,179.5688529,177.8791972,116.5650337,113.552251,2,chair
171.7927334,162.5407573,141.1154998,137.9903228,139.6354502,121.5924994,140.6405475,122.8113619,2,chair
166.3148248,155.9244988,145.8931654,139.0955306,175.6039463,173.7467415,1.996549914,11.69854497,2,chair
160.0645728,155.1517725,144.3618489,137.9232184,177.8936426,175.6906557,0.769993868,10.74479039,2,chair
156.6148241,150.9041551,145.3048345,138.2620039,177.2263183,179.4198654,154.3210438,152.6843731,2,chair
154.5320804,159.3037242,141.3746912,146.6853687,171.8050389,179.7112859,159.7037188,153.4296483,2,chair
144.5366142,150.955183,154.9309539,149.5109997,175.3256308,174.7528611,136.7961482,9.106857881,2,chair
2.657412348,165.6723564,154.9579119,153.5984894,117.1284369,116.7711517,106.2663858,105.7276591,2,chair
164.3540003,158.5453548,152.8830135,157.9434393,138.162632,131.574086,122.4600203,127.1747942,2,chair
167.843717,158.8242573,162.2328124,167.3804722,130.4853776,125.6626823,115.9114925,122.0016593,2,chair
165.8865025,166.5348147,161.9402895,171.6189194,133.853896,125.0491231,118.5051274,122.3276285,2,chair
171.3586845,173.6613517,164.0756143,173.6198826,149.5540513,147.6532451,131.9922998,142.9873107,2,chair
175.6012293,175.8864826,160.0169208,171.523095,160.1004012,163.1415406,141.4494962,151.6450089,2,chair
149.381744,147.7778418,145.8104369,153.099277,153.222701,151.604638,133.6258719,141.1817817,2,chair
116.3433229,108.0174116,125.0056419,116.1189932,145.3821381,150.466551,125.491783,135.0171759,2,chair
115.5320212,103.9501544,127.927888,114.0896379,138.3011137,141.8914506,119.7970957,124.1764788,2,chair
129.8055135,174.382422,21.3706716,111.8015323,0.734620072,4.763577536,177.1258072,167.005314,2,chair
64.2898561,63.43496253,53.67042948,18.43495538,122.868621,97.43141941,165.4470081,163.9328222,2,chair
153.4349169,136.6723666,121.3099151,114.3818052,140.5599274,111.4405694,150.7086086,116.8892231,2,chair
135.3169456,122.9985677,138.5988203,125.9770052,144.6581401,148.0753641,125.6065742,131.9905583,2,chair
143.6589367,141.2695019,138.8219752,133.4493749,155.3927603,161.4527899,135.3358312,143.2419112,2,chair
157.8335677,155.0819802,143.7566694,141.2825002,164.3067234,175.3265528,144.3235933,159.1520415,2,chair
152.7232461,158.4429381,134.0242861,134.6304097,176.7078821,176.9276949,154.5922278,159.7260697,2,chair
153.9550632,142.0895376,138.7654796,126.6251424,158.3900393,162.0588471,135.9523911,139.3049309,2,chair
152.7410912,26.20006556,27.97143106,21.80139104,8.850285289,157.9320925,168.2703366,169.2420287,2,chair
150.4221236,103.6397712,29.88155223,113.1314377,8.020030063,21.71375652,164.2683113,173.5411691,2,chair
21.37301443,140.9540881,37.63326541,139.1848739,146.6787534,71.25864396,165.3771511,173.3952044,2,chair
1.716232119,175.8195177,83.08875945,47.39703229,87.64675598,112.6199468,46.39437863,70.38781522,2,chair
144.8061,144.6375705,145.753078,139.5202328,59.84543968,71.56501531,60.24150306,72.15827587,2,chair
1.679579717,74.27522539,3.033123162,134.5303493,66.59319365,55.30484964,59.82173542,64.85823549,2,chair
9.926461727,4.235956809,18.43523616,1.160452696,32.08568799,20.77353976,55.40691243,165.464238,2,chair
44.34414988,83.41272867,11.30975488,1.177859393,16.6991786,13.24792977,52.35810051,57.62347218,2,chair
154.9515873,150.2551343,142.3659068,134.3839849,65.02811978,78.19007999,65.76693237,76.02586492,2,chair
161.1822355,147.2440021,155.6692492,139.5679437,98.71398218,98.54625978,98.8177461,99.79109844,2,chair
35.08683964,42.04440549,155.0902655,141.115478,115.562064,121.7594316,113.2080369,116.5649897,2,chair
157.0117344,144.3474271,150.5672483,141.5867384,134.6632381,133.2286748,128.1971396,129.2349548,2,chair
161.3356797,152.0490213,148.3736481,148.9359007,153.1117869,151.6275189,143.3367416,149.0540304,2,chair
171.3675081,168.3663596,151.9275212,159.4438783,169.0459802,170.0457424,156.9511843,167.6278819,2,chair
170.3718531,156.9911236,162.0308857,144.4623092,138.2051963,116.5650375,142.3756731,119.0546203,2,chair
159.2961303,164.1590611,143.0203856,149.3918839,158.1094304,159.2388175,138.2006053,146.3291244,2,chair
160.6956977,153.7623669,144.2261465,144.0096118,145.801492,144.5730192,128.3349276,131.9025647,2,chair
161.2236554,151.443999,150.3949653,137.4441513,129.3546401,128.3093189,117.3960065,118.2109873,2,chair
16.60702542,15.87744251,6.435747125,2.726418841,5.27362322,15.25515787,165.6598725,170.0958901,2,chair
156.4252671,156.0545129,147.118786,135.138745,66.57130296,72.75852505,64.44003321,68.62935052,2,chair
153.9465554,144.2460956,143.0074205,128.3749412,52.50542789,65.47127908,51.5069141,65.64003371,2,chair
30.85469804,48.5561738,10.98212864,1.766246373,77.72774289,25.25230832,51.53693619,61.53516484,2,chair
154.0786705,147.3194362,146.6167173,132.6549956,89.81693444,89.40935235,94.78347936,89.25592704,2,chair
158.433729,150.1308778,149.4338437,138.7680857,111.6404709,117.6619504,111.2650598,118.3042752,2,chair
164.9695601,165.7500371,151.9150125,140.5993002,133.4465572,120.2610708,157.8466869,144.295355,2,chair
176.6933443,174.9204367,144.1217496,149.3102139,122.8502771,117.5407582,146.1817474,144.2953023,2,chair
156.2973993,159.4439172,116.0609909,128.669904,133.6027917,115.8348091,51.91893686,52.44692217,2,chair
176.4036461,171.1483608,113.8067015,117.420017,128.4635654,117.3064119,145.9489933,138.3328454,2,chair
176.274691,170.9126899,101.9931208,109.4906341,132.6499019,119.9231588,142.6794721,136.5041899,2,chair
170.3513335,161.1025788,84.29757917,78.67727087,131.2375908,117.4555181,151.052454,138.3486904,2,chair
169.2157329,176.1525401,123.8097829,127.2427541,126.992835,107.7446637,52.06882581,63.37255246,2,chair
159.9812158,168.6900362,112.8823431,120.2564449,121.8884796,116.0534677,146.8081236,138.8785189,2,chair
141.6744583,115.3462021,124.253525,118.6639849,147.5119039,132.9010907,152.0205316,138.5657351,2,chair
137.6025792,118.0401408,122.6711642,123.2560279,145.1677798,126.3675534,147.7111455,135.8394418,2,chair
72.71080909,174.8055169,11.90423245,45.00000098,179.1959441,180,172.3039468,178.1524145,2,chair
18.41460913,146.8677088,147.4016999,30.56766059,164.5201495,169.2936536,154.2167694,166.8347334,2,chair
158.6116414,118.8188699,165.6745784,149.5611757,150.6256716,161.4375932,139.9731448,147.1544828,2,chair
158.9978324,155.5523396,160.6568205,165.5769079,159.6817751,163.2317897,146.6498129,155.8610958,2,chair
175.1150463,169.8732679,169.5794557,175.5079968,156.4460339,162.9042414,147.5724579,156.8986165,2,chair
164.9314704,170.0692006,166.759434,164.2642938,152.185702,158.4112286,147.0752814,151.6703377,2,chair
168.644902,143.3507277,170.1110114,150.9453928,153.5869637,161.5650986,150.4992336,155.5560202,2,chair
163.4670877,163.3496427,163.4372672,170.9660156,149.922866,154.061426,138.7158483,143.5713093,2,chair
168.4829098,162.8778321,166.9762616,169.0093057,151.1212739,152.0275787,141.7070884,144.8540415,2,chair
166.3551998,162.7839841,164.8601999,173.4597105,152.866138,145.9391018,143.3438456,146.3099293,2,chair
167.5740912,165.9637526,163.1131722,170.7273533,152.9885162,152.9872831,146.7714669,144.3584262,2,chair
174.5821346,167.3690507,169.3082779,173.9656409,151.9646492,157.4146655,142.7428604,151.7720923,2,chair
178.0696347,169.9920108,166.7594638,174.7554757,155.5560285,157.5861982,145.2511554,156.6392635,2,chair
162.8104731,163.6103115,161.0350732,165.2470681,152.8488606,153.9194785,144.1351775,143.291234,2,chair
164.1676083,173.5517123,1.205447128,6.872409893,174.8155224,176.4469717,171.1275894,173.7933169,2,chair
175.9717267,165.9637526,167.4711739,170.5992629,148.7476689,148.7994993,140.3892746,143.5691009,2,chair
158.1629676,160.4306934,154.9831528,168.8049324,152.4471628,156.3706265,139.6428699,153.0342702,2,chair
137.0825118,131.3784598,153.027892,144.7187528,152.7446929,159.3420629,146.5958503,145.4861645,2,chair
90.51783368,117.642702,111.3006237,122.8662261,148.098201,152.1674466,137.0663652,141.7844856,2,chair
92.02970529,84.66958132,110.3847339,102.1388899,149.6332802,158.7157062,139.27697,152.7343887,2,chair
67.55349093,129.8182909,91.46072749,148.7377307,147.173478,153.7337225,135.4365591,151.9888979,2,chair
46.00512488,26.56502964,61.49602293,43.21009706,142.1582282,148.1964144,129.6696124,147.1052011,2,chair
34.38034586,30.77405712,56.30994892,49.69870069,133.6980376,143.9726035,125.0248732,145.6697983,2,chair
44.83679583,35.8376385,66.85218778,52.80176189,126.1067775,124.7744898,121.2375055,127.5126438,2,chair
41.42366389,33.6900522,64.98310575,53.13010065,109.4893263,107.4298163,115.4361875,108.4349163,2,chair
150.3735148,152.5924429,18.70627742,18.20849717,156.3287332,160.7623468,166.5043135,165.5633541,2,chair
28.02969743,32.00538136,73.65380136,66.80140079,84.91505235,92.97374574,87.72238631,94.55024172,2,chair
38.88452201,44.24817164,76.75951473,70.27772424,83.65977799,98.13007945,91.78987569,106.6991995,2,chair
45.32368109,35.77918091,77.70230885,68.15779784,119.4004025,121.6384492,119.1974595,132.2428301,2,chair
44.81218559,33.43505361,72.61862153,62.40271351,130.7406179,132.2736763,122.7611772,136.4441031,2,chair
134.999859,1.904850841,90,39.84139698,177.1964153,46.89136855,8.298672732,29.50047512,2,chair
167.2540582,167.5597043,168.2021442,72.30670105,128.54822,127.5830051,124.9502792,132.9925581,2,chair
169.4068775,167.3861007,166.3399207,171.7549499,118.0388562,115.7070984,110.7147049,124.7091576,2,chair
149.7769177,142.6602849,153.7350344,143.6975261,106.6152139,111.8371304,104.8962049,107.7871089,2,chair
160.7465673,51.18860792,155.8135982,160.3105927,99.11785886,91.25444674,100.619616,98.45651883,2,chair
146.1173726,149.7196921,147.1313502,163.9264563,105.6620951,108.0041462,115.26728,120.3431991,2,chair
175.2848652,169.6425951,164.4092042,165.3328734,127.86386,122.2415488,122.159403,125.1822505,2,chair
169.9145477,178.8544826,161.6928848,175.6402292,144.6797007,151.8292876,140.6052296,152.9447558,2,chair
173.9641467,176.0377504,164.3632089,178.2457609,157.321755,156.8402215,143.9940401,155.7400843,2,chair
163.9797043,168.8728043,162.1160197,175.1121997,158.3505987,161.7313246,144.9980841,158.0357478,2,chair
179.1620989,160.8585154,158.2758982,145.2221487,128.1948409,134.8643924,107.8816823,108.0995596,2,chair
175.8335016,162.0287937,163.8532032,144.2841564,139.0836459,134.6160917,113.3842905,40.03141096,2,chair
174.6221044,163.4429347,161.6266036,142.8152566,136.5116825,134.6160869,111.7878336,40.0314322,2,chair
176.3507343,169.6408857,153.0779615,144.5008827,138.0665132,137.9479409,115.5234283,115.4566557,2,chair
175.6013184,168.9964516,145.3048465,135.4897015,143.8203446,138.1432362,159.9647219,153.1227157,2,chair
140.3009275,167.3277618,4.77097408,26.79225857,174.3231456,179.546297,173.2000632,167.0690123,2,chair
125.4959944,126.9096059,4.204912133,11.59180326,170.4518768,167.9039667,159.8838171,146.6867242,2,chair
174.4517517,166.9568329,167.471536,154.4233411,136.9475922,132.0421281,113.5034605,106.4853179,2,chair
178.9868296,168.4146569,161.4918349,152.8521985,137.6083636,131.986051,115.357645,109.5087304,2,chair
177.1862399,168.6900536,152.5483177,151.1645369,138.4004265,135.6493083,114.7238075,113.725009,2,chair
174.2308156,165.8737913,156.7203557,149.5670341,138.924169,137.2704635,116.4643044,117.0611001,2,chair
179.1831477,168.5801262,156.3669375,148.3049217,137.434669,136.6909989,119.8326268,115.5677729,2,chair
180,168.6448673,156.7005239,146.3415014,140.5412287,138.5447821,119.422484,116.0534905,2,chair
174.3422698,167.1660649,154.0036239,145.2914394,140.1582512,137.0803904,122.4124794,115.5260396,2,chair
169.8246507,173.8960976,96.92721833,96.21563843,86.65806967,83.56525776,73.1101292,69.39290132,3,camel
167.4711425,173.8960976,94.57391803,96.21561996,88.67800887,83.56526549,79.21569344,69.39294145,3,camel
160.9354121,168.3663765,99.79619114,104.9314191,82.73455396,71.56503691,86.8201686,71.56504411,3,camel
146.5047922,125.4068489,92.40020034,45.29997051,74.27526619,85.30130917,67.83368137,71.56504411,3,camel
159.5222195,115.3310517,93.0207441,41.2401727,98.65953055,85.01367418,114.6416807,71.56504771,3,camel
158.7723678,155.1073063,93.16036823,83.39741351,11.4902566,81.34745261,13.86358981,71.56505311,3,camel
157.1663039,169.380308,101.0130658,96.3401679,75.80709995,77.47121117,46.12963974,65.37643925,3,camel
159.7935609,163.0725417,114.2971044,99.4623211,24.94085178,78.31371886,12.98901984,73.73979344,3,camel
150.2301091,173.6428809,124.7020125,106.8351813,61.09067033,73.31290842,55.92080618,67.04181677,3,camel
161.5650986,175.1355424,110.6589095,111.037509,81.16258993,68.96248734,91.64595683,61.14433954,3,camel
166.8274482,163.072483,101.3099263,95.60925214,85.81508575,74.92840348,64.65382811,60.16124348,3,camel
159.145546,170.8376202,101.0035548,103.0552502,10.26900832,73.28282436,13.72913226,64.53665132,3,camel
112.9574099,159.6559146,36.95710356,92.48955781,104.9848541,74.63153396,70.253136,63.32161111,3,camel
164.2280303,173.6597744,106.6992512,108.4349379,87.27369169,70.8209865,75.17894889,70.82098288,3,camel
168.4653395,165.832906,104.5843278,89.99995972,80.80059149,90.71617695,94.60010561,78.39141473,3,camel
167.0821588,166.3785704,101.9518682,90.14217863,87.51044881,93.02302963,94.08562398,80.14442696,3,camel
176.6337263,170.9180323,79.69514185,64.15356268,96.06848548,124.1435979,88.77641863,93.71528004,3,camel
162.5308458,171.1141371,95.0458625,96.61345208,80.89737595,85.13547981,77.63093129,77.00539202,3,camel
169.695249,166.6754514,109.4400511,99.15492354,77.73521588,76.98287409,74.15890869,72.89726677,3,camel
105.4992453,116.9657044,36.74581193,38.90989353,100.2687722,85.44186798,82.42143228,73.54723678,3,camel
164.367454,157.1663831,102.1329934,94.04447443,11.6175746,72.71498842,12.3803081,65.2629218,3,camel
165.7500232,170.8111708,95.40379266,103.7132743,82.78573766,74.59375254,68.74948977,64.73818434,3,camel
168.2066047,165.9637667,113.1985955,103.0718818,16.58732211,68.93596834,12.72267156,62.35401914,3,camel
176.3086957,168.6900884,113.9624861,103.0718818,81.29263749,71.11859978,69.22775515,64.536657,3,camel
43.99491741,163.0725534,108.4349487,104.0362344,100.0079925,68.62937069,111.3179221,68.62937069,3,camel
153.4350009,169.3652342,98.13010791,105.115715,86.98721684,69.44394319,82.90158841,74.16759868,3,camel
179.5420045,173.126791,76.18567499,75.95328218,105.1661426,112.2970897,75.87992636,84.02190138,3,camel
170.5376171,174.7325483,77.73520802,70.21007297,98.02839059,104.8064495,91.77262091,80.75386574,3,camel
175.2574831,178.5919399,70.30533932,72.34664406,111.1575171,109.1176452,75.98182524,80.95039488,3,camel
177.8854818,178.8736038,70.64182439,72.01508758,111.0838005,110.3867814,85.9648536,83.29792578,3,camel
179.710609,178.4013685,79.0963903,69.92715357,102.6252447,109.7225986,71.65262719,83.26644789,3,camel
177.2326772,176.9480889,70.70751664,69.62931567,111.6830393,108.4721245,82.08908782,82.3480969,3,camel
172.6589312,176.4383305,67.30715559,70.88403911,108.9512911,109.4513653,83.53574041,84.6023026,3,camel
179.8916476,177.1313974,73.12936716,70.41129716,107.6833446,108.6909997,74.44751204,82.68985124,3,camel
177.7797395,177.1989999,73.84984968,70.08117707,108.1753696,109.1531067,72.13589658,83.03634631,3,camel
177.2737248,179.590261,72.65282162,72.86295291,104.6208804,106.2701728,81.46926485,80.42574321,3,camel
174.5596834,176.8199228,68.2994329,72.89725069,106.2602226,108.8384513,81.86991797,80.42573975,3,camel
177.3973644,176.6334936,68.21840196,73.49562177,113.4154085,106.5043711,78.71228911,78.69003099,3,camel
171.4691699,179.7146947,69.70094259,70.76929801,105.7134537,106.5043711,78.42104938,81.46921737,3,camel
172.3930772,177.3025246,74.41061706,70.25317228,104.4320861,105.8261805,93.1221343,83.25912703,3,camel
173.5503137,176.2620974,70.67185639,68.9624727,109.328149,110.2825489,93.12212617,83.31681576,3,camel
174.9979383,178.6078736,70.29400003,70.68648402,107.001924,107.4549869,80.29956333,82.79324449,3,camel
169.269562,176.8911462,82.81862722,72.7500592,86.65858708,106.8692875,78.63012791,82.83043174,3,camel
167.0054355,167.4397586,74.40282384,70.46954225,95.09212887,103.0749215,79.4949508,82.28264706,3,camel
168.8305548,175.9145242,72.35893629,81.46923118,90.26484689,100.7333681,63.10376943,82.19462861,3,camel
144.6104946,177.7258278,43.09813181,76.6675319,109.8667556,103.867851,87.86206601,82.70559531,3,camel
173.6370851,174.675458,66.58270838,71.01050751,110.5825204,107.031751,84.90781241,85.25890699,3,camel
174.5596834,176.8205385,70.52338695,77.0053631,110.8790531,106.5709963,90.13298665,88.13605519,3,camel
165.0972879,180,66.8149803,74.93152994,119.054634,112.4208383,94.60013387,102.1159886,3,camel
166.6540116,176.9874059,70.34618276,72.89725427,117.8130252,114.6973926,91.42315969,102.7890596,3,camel
166.6540708,173.6598981,71.63143549,71.56502611,114.069233,113.9625123,92.08679918,98.13011739,3,camel
168.9637746,174.0232529,74.62714039,74.91085692,115.9318868,114.5539269,84.18766784,99.25053634,3,camel
170.2919765,179.0951782,72.1558542,76.76286255,125.642185,115.1497964,100.5457878,97.20511526,3,camel
179.1783706,174.6433896,72.87405625,73.45957961,119.067398,115.5690317,88.20967522,102.0245426,3,camel
175.6800337,177.5408257,71.59347678,72.62742801,120.4361853,118.2596682,85.14975966,102.4485375,3,camel
174.5611605,177.8930852,74.17574877,75.34982554,118.8614042,113.1978097,97.57690111,99.9882471,3,camel
171.6599752,171.8699101,77.8929068,71.5650621,110.7955534,115.0168716,88.22853949,99.7617576,3,camel
175.9144284,172.8749487,83.99099616,72.3498713,111.2641364,112.0488389,92.26053742,91.21887228,3,camel
171.5157773,179.5515022,74.6044609,74.93151049,118.0092046,115.2777203,98.5691421,96.84277177,3,camel
175.6012293,175.2365458,82.73889867,79.33022047,105.1271927,110.6181852,82.61096156,99.76178619,3,camel
173.8628181,172.9323654,77.33130698,73.78873171,115.4994205,113.1375988,92.89227887,96.63160061,3,camel
165.5544392,172.9174208,78.68909588,73.613533,107.9870524,114.8836558,89.71128471,101.1504634,3,camel
177.4381453,177.2634767,76.81119874,76.78946372,112.2358312,115.1717596,99.61144293,98.05732528,3,camel
173.1070716,170.5817998,66.24496187,69.00807677,130.4500044,118.2137951,99.12224205,99.37300787,3,camel
173.0200598,172.4072536,71.1966546,71.89817325,121.7606004,116.1748876,96.86750869,97.99000272,3,camel
172.2372672,175.9627916,77.9243758,73.73442527,113.2323162,116.0709535,92.3162966,98.02084274,3,camel
165.9924922,171.056859,79.51049695,70.89016179,105.5516195,117.2625638,90.56389719,102.226913,3,camel
155.1616974,172.5394121,72.73788631,73.68896598,102.578226,113.040306,86.5414382,96.43764329,3,camel
165.0686453,171.778416,73.07247023,77.41978741,102.3535956,99.8277515,70.49463541,72.7725201,3,camel
24.22774588,170.4918391,118.0495242,100.7625523,118.3559151,94.0495765,84.43679241,75.18057919,3,camel
171.253805,168.9861683,112.3165948,90.33119203,117.6066856,91.4350761,89.10484125,77.29597677,3,camel
30.74217091,172.2664993,153.0664765,87.27371413,108.0664885,99.2726081,71.5650675,79.52578098,3,camel
92.97377587,169.5401426,69.70600564,75.14139734,97.0617162,101.3099107,64.61004214,77.16442903,3,camel
169.6409617,176.5440158,83.909193,90.71385595,92.18278151,93.29927013,59.4580637,74.51222802,3,camel
37.58587874,174.0641604,163.2381713,88.70382551,96.14789887,90.45774568,53.90632516,69.81076342,3,camel
106.6992387,173.516927,74.05459416,84.84145819,101.3714867,91.62625961,64.87007492,70.16260903,3,camel
169.7266631,166.2638186,104.0672345,84.84145905,99.06418666,91.12513563,59.67640276,71.74062081,3,camel
173.6001215,171.5646655,88.22330303,92.21789857,97.02689474,84.20513722,68.60737841,71.64841568,3,camel
150.2503094,170.6934192,103.524068,84.65210045,95.10416989,89.8867309,63.15164689,72.8613733,3,camel
167.6994767,138.3485671,103.5194289,44.75566772,93.17983247,102.3390822,74.47589224,84.28939832,3,camel
7.879156167,169.0688464,126.3116455,80.01407362,116.2058443,101.5683777,123.8152742,88.28420687,3,camel
141.7817034,171.4222872,40.11774528,80.47533889,130.0569867,109.7468313,102.8937527,97.69605356,3,camel
142.1250183,172.1003177,81.02737609,77.78427741,121.221662,115.0576138,100.9391097,103.561053,3,camel
170.5375548,176.4911663,74.47587098,68.36909418,134.5787685,126.2853102,107.7446924,112.2490254,3,camel
164.8759644,165.2803638,79.34319217,76.03223291,109.647027,106.9674421,92.79624891,100.1246707,3,camel
159.9811959,168.2409582,66.80138964,82.0174444,106.0735799,111.4741152,89.99998192,106.5043747,3,camel
141.2906963,171.8698618,43.71212884,76.75948403,136.6723915,115.505308,150.0183902,99.08494905,3,camel
4.660813706,167.1682176,118.3212252,73.12373034,120.0183819,103.0998433,84.53092358,91.78992492,3,camel
169.3302423,168.6448846,76.66722743,76.87710055,106.699228,106.699228,70.34617914,92.60255576,3,camel
159.8845022,174.1305438,67.8082233,83.08878052,114.8895663,101.5466639,91.31193326,87.51043556,3,camel
170.5376587,170.4920045,73.73980411,83.55841816,98.82878714,101.5466805,65.21454014,87.5104345,3,camel
34.68202395,177.0078793,159.8462863,93.30107266,99.90069542,94.87936331,81.96912879,88.63324505,3,camel
171.4228367,176.4366816,70.70800149,84.68377162,103.2183678,99.62951882,70.77688613,89.76113412,3,camel
170.8196221,161.5650338,82.50413215,68.25409106,108.7413578,107.1104531,85.33663663,95.35194271,3,camel
175.2364225,167.6309585,75.37913198,78.32121837,99.65113339,107.641053,71.78974294,86.37693683,3,camel
173.2713601,173.0887419,79.540091,86.82017223,109.0059823,105.0684824,80.93350233,91.75085487,3,camel
36.71931712,178.8432631,145.6568779,98.51398183,92.26883917,94.94186356,74.80641409,77.50242028,3,camel
173.0887419,175.2098891,107.4512172,107.4512727,89.60003509,82.33677737,79.80279307,77.74822431,3,camel
133.4025261,178.854141,105.3544217,113.6293716,89.11586037,79.11446604,73.72033711,70.98434811,3,camel
167.4712054,171.0434463,104.1985698,107.4512727,84.37060188,80.43430014,70.12617427,70.46652015,3,camel
37.83148334,172.5115055,147.8593075,100.8414821,91.32506831,88.82841989,71.49346464,81.04772839,3,camel
27.53371665,165.9637245,138.959655,82.56858834,108.3965608,104.8628108,94.44514895,91.09120693,3,camel
161.5650338,170.5816746,76.60750704,83.27148272,115.2811515,110.170655,94.29400744,96.68598273,3,camel
172.4053929,155.3583282,70.14057743,62.31895009,95.68286818,107.9093065,91.9488535,107.4941288,3,camel
168.2935415,151.8493246,72.00409122,62.01252647,93.28384047,118.2859357,91.94881634,126.3786109,3,camel
179.2818119,178.5247483,83.42482825,73.93999958,105.0183715,32.00541358,99.16234698,46.66027717,3,camel
180,173.5584362,81.86987312,64.65379788,112.1663703,129.7529306,110.3764093,122.5285817,3,camel
178.9686448,161.5650662,77.83613342,58.76078903,110.759783,125.4241345,113.0025913,104.4897692,3,camel
173.2900986,171.7785354,80.13415458,64.85519859,110.3573154,135.9877639,106.8316472,117.55282,3,camel
176.1859193,170.5735599,81.86987916,59.23389507,112.6646,137.0014721,114.5424383,119.4759032,3,camel
179.0943136,175.2679865,78.4829694,68.70264043,109.5262128,130.6013241,110.6255231,116.9300179,3,camel
180,168.1491958,82.87498119,52.48993934,112.1935231,150.7086505,111.0775199,125.3624597,3,camel
147.9946315,163.8556226,82.91151609,111.8014073,87.46033377,80.22920226,58.98605453,57.03057051,3,camel
135.8013171,170.9658633,86.43083732,100.6196464,92.345538,89.99999516,81.36494188,75.06862504,3,camel
25.7370731,163.8196265,140.7824095,83.4248261,105.1313902,105.985264,84.09383797,92.18578001,3,camel
165.6095483,157.2490118,73.98455379,65.92450376,123.3565708,111.0090028,112.8823431,113.4985784,3,camel
179.7294803,174.2895487,72.52188702,66.63927434,94.30222892,101.3099542,92.21969284,61.03993588,3,camel
165.0686188,159.796369,49.35861863,44.13455675,158.8623616,164.4759772,46.8475356,18.43508497,3,camel
173.3013902,178.1359635,50.16107968,49.73516791,159.1555827,168.2763521,49.89904575,25.99202813,3,camel
161.8781406,153.4349322,53.90900037,47.60255185,165.1577479,157.226751,126.0273581,130.2515009,3,camel
134.3012974,179.5497604,177.5101354,54.87407561,163.8528225,163.1831828,131.6750614,131.4237015,3,camel
171.4270052,169.204441,62.39683672,57.9439872,152.2250379,149.6330505,121.7594839,121.1070707,3,camel
152.4081769,178.1340747,77.47818077,73.38254443,130.074332,136.5925042,110.7428924,117.515753,3,camel
167.4711425,176.4235732,61.21098333,78.69004841,138.0196979,127.8749997,124.621929,110.5560039,3,camel
146.309917,163.7398153,79.69514185,79.26733321,105.368466,111.03752,107.7879787,108.4349541,3,camel
175.4464126,163.638911,79.26733495,74.14299381,109.1069197,109.3667709,101.7407952,102.9279923,3,camel
174.6150765,179.9720235,75.51930988,84.55969113,112.0397604,107.969104,109.65381,102.5288063,3,camel
179.9802177,178.8122143,85.23638599,85.04560543,100.8855296,105.112671,95.17501014,92.76791847,3,camel
172.14757,166.4728432,82.42598335,80.72257252,98.55819074,99.68479682,98.5472725,85.74341514,3,camel
164.6044266,161.2458642,85.91437474,73.82242138,92.29060735,97.43140994,86.57999705,77.90520635,3,camel
166.1390329,170.5376794,82.58853739,80.53768236,100.7779551,85.42607941,104.1053481,77.83137432,3,camel
175.9206165,176.474466,83.350386,77.64692701,95.06791294,98.78352351,82.74009071,82.24073959,3,camel
175.2362991,179.9720235,81.25383506,79.50851552,100.7211166,100.4914819,95.55130254,80.53768929,3,camel
173.780411,175.1835423,81.64044915,83.62465973,98.84823654,98.14927613,88.585182,79.99811694,3,camel
172.4053413,166.7593744,90.46961187,80.90973177,94.9224203,94.85386693,83.71174655,82.18728723,3,camel
171.0849125,173.9140776,81.4115187,85.70414664,97.00465604,100.3048712,80.47266385,82.8749928,3,camel
170.541835,169.1764894,82.47808125,83.66728455,103.2633538,94.09881169,100.8889682,76.35887054,3,camel
166.6621512,172.4480446,77.33307376,87.06679491,101.5852552,97.91662885,99.39046454,83.43653608,3,camel
177.2203261,172.8981417,85.53854683,84.76228444,101.592713,98.51200491,81.43133277,81.89374825,3,camel
169.0790444,172.6146964,76.80425181,83.22532866,104.3223926,97.03167423,87.80636722,81.45729552,3,camel
167.5316755,169.6311283,75.72517891,82.24589747,94.21245064,95.77935005,88.80628707,81.23181222,3,camel
175.0679099,167.9052705,85.68394997,84.80557458,98.13012688,95.19442628,84.80553772,78.69014854,3,camel
178.8122143,169.3803451,83.71051096,82.875007,97.57520781,94.92240659,83.62372848,80.67240324,3,camel
139.0852467,165.0729005,79.63021982,83.8777949,93.79028694,93.08471508,86.46111123,74.83858455,3,camel
114.4021385,163.7920014,80.97762065,84.16929164,96.60250871,93.81238812,89.08621567,80.12883541,3,camel
168.4761725,167.4516364,99.13518873,96.77795354,88.0400696,81.64341939,66.42531812,67.18672851,3,camel
158.6293565,165.1680303,106.0489893,98.66658897,86.67535132,77.47120068,84.28939618,67.45691869,3,camel
128.8627545,174.238703,154.737815,99.97773595,80.02583473,83.82007492,77.73522899,71.49532112,3,camel
179.1848262,172.8748661,109.6802955,102.0086279,88.42343374,81.78915768,88.05850451,71.49532472,3,camel
162.0308857,163.5187226,99.27260291,96.43382592,82.49886112,81.98754214,62.80382871,70.17096085,3,camel
167.8730247,167.4516364,112.7881674,96.77793033,71.38895274,83.10391839,63.30030158,71.49536613,3,camel
169.0193773,171.8946998,101.8336468,97.09714341,75.94237673,83.35845889,55.30483718,72.20519239,3,camel
47.39702765,169.0193952,165.7459865,99.63752399,89.39326749,78.75645372,76.26368701,68.34875085,3,camel
169.8244767,168.9590836,101.6259342,96.06180444,85.30132373,83.82009896,68.4429612,71.63145168,3,camel
163.072483,175.8332196,99.46229167,95.50399051,78.3137206,84.6253268,63.12020178,71.0135503,3,camel
52.8722176,156.8014294,168.0315194,85.23636329,81.48276529,82.48785902,58.41239579,68.34875819,3,camel
162.8195466,169.0193594,95.392049,99.63753438,83.67183387,75.96375061,76.70556601,68.55225572,3,camel
170.7811721,170.5072122,106.2738763,98.94216546,84.89783246,79.47921022,64.18879876,67.18667664,3,camel
161.5650446,166.6755403,99.01929494,94.15022677,89.2778309,83.44803996,91.07278252,71.49537874,3,camel
164.6784641,168.9590301,96.91121088,96.77791399,85.3567461,81.64345045,71.52190017,67.45692608,3,camel
133.7508231,170.9284882,153.4349093,113.1628942,9.829913673,139.8811841,162.3864662,171.1736309,4,triangle
135.0000666,171.1274344,152.1856727,101.8529709,9.593147454,132.2408234,160.5599599,169.3281581,4,triangle
140.0038941,173.6597744,146.3099355,110.2246812,12.76560066,140.3707825,162.3865,169.3280659,4,triangle
172.8749762,168.6900013,114.4439571,128.4536916,22.19262156,155.7090421,159.3875502,176.7788795,4,triangle
158.7625889,170.721209,125.5376412,133.723177,22.01132719,159.527677,162.8808599,179.0977771,4,triangle
158.5420217,158.5522744,139.3382533,93.01279,167.347423,50.9061309,173.4911176,159.9996698,4,triangle
175.4261541,152.0124964,142.4873944,157.6864473,142.4873663,16.94066046,171.0273159,170.3248607,4,triangle
178.0090453,170.7274593,140.4564598,168.0848787,140.4564706,9.188829165,168.9965053,175.1186169,4,triangle
179.3807118,162.9555711,138.1529869,123.1148747,152.3675701,42.6898161,175.1104365,176.3551905,4,triangle
176.0942979,162.4654253,131.5650297,142.0163078,152.8505445,29.20383755,176.4779665,172.2854803,4,triangle
175.2646345,163.0422947,127.6772775,142.9195206,150.1253786,24.99922024,177.9407195,172.5887846,4,triangle
177.510214,160.2711502,136.9749433,121.7594758,151.5958349,52.12503488,178.4317716,168.8304667,4,triangle
178.5859764,159.0388915,127.8749565,146.534557,149.0362034,23.10637035,175.6015856,174.5328777,4,triangle
176.9771563,157.326831,123.5464173,154.6556675,149.443455,18.16307553,179.3462806,174.4197007,4,triangle
177.1969041,169.731643,118.3365016,119.2790801,145.1357509,37.1401606,174.9976641,178.1711522,4,triangle
179.1696056,163.2116424,119.1987114,137.0630914,146.6409556,25.09646023,178.5648222,179.0854982,4,triangle
121.5689679,163.7676838,167.6849456,121.2571986,8.820380047,43.06669823,177.5105285,177.0242147,4,triangle
116.3233024,10.3049037,167.9052379,142.4314199,8.797343459,16.79631302,177.7484892,176.8782012,4,triangle
178.0415528,163.6218254,122.4340354,160.8162858,145.2481897,7.487918002,172.6429389,174.8086863,4,triangle
175.1576621,165.5115425,122.5146652,135.6069146,148.228136,29.56571804,175.2035952,175.5351132,4,triangle
116.7622855,14.31525954,177.1843622,145.4599003,4.763577536,14.77456151,174.451681,177.010432,4,triangle
178.4019807,163.2373897,134.8200187,154.8059689,147.9307552,14.8687329,176.2637741,172.7676839,4,triangle
177.6136967,160.2711098,129.4724426,149.6567095,142.4670522,20.91684463,175.1157682,172.8194365,4,triangle
178.2139208,161.0258385,134.6667337,141.2953984,150.9552041,27.8826095,174.2839226,173.9411634,4,triangle
126.1932042,170.837706,0,153.6717074,127.7697474,161.8844989,179.371927,171.7873047,4,triangle
177.5106071,159.4083683,134.4598078,160.8879804,149.2264568,12.85063655,176.5848768,171.6087803,4,triangle
157.3839008,3.858386943,22.68014928,17.01252248,14.63738395,9.728659094,170.9349669,175.9877039,4,triangle
175.1453789,160.9521374,168.6903322,28.76766841,10.06053757,140.1944164,174.8057055,176.9803961,4,triangle
177.8947579,154.5846673,121.1068274,157.6950749,138.1982535,5.304853568,177.5503154,178.1751158,4,triangle
178.5250136,9.768512747,157.2855902,158.7494503,153.7380675,17.65008641,178.8921717,7.784345732,4,triangle
176.4552474,153.0904698,171.326853,0.202708779,45.80409905,4.417787092,113.7167521,179.7331214,4,triangle
179.7065801,149.0361968,30.8810837,11.49344494,64.81533081,5.937457549,115.0619776,169.3803821,4,triangle
177.852784,15.44200765,151.7218506,157.432928,142.3599452,3.613463072,175.2538496,175.030317,4,triangle
177.2738684,173.061578,159.227712,176.6334355,145.5207944,19.29001022,169.0193773,176.670451,4,triangle
171.6844266,175.6452186,29.52501635,153.5354813,127.1543054,148.9339285,175.2301757,179.7019486,4,triangle
169.9826611,150.7733808,114.5426974,19.34395275,55.52413794,12.13508453,179.3516909,167.2780108,4,triangle
172.0948778,147.0126917,131.7690428,5.716557411,42.4169271,1.019523985,177.2175107,179.6683871,4,triangle
171.6499511,146.3099293,140.0425166,8.869531624,34.28683815,3.251909578,178.9446384,169.2610913,4,triangle
172.2764032,12.13186749,125.8254773,153.0771696,46.60642295,14.23826251,179.6967421,171.2265591,4,triangle
172.3900078,146.5346561,146.5346561,20.2248807,27.94665044,10.88553202,178.9446384,166.9230405,4,triangle
172.7779995,147.1513409,152.2375942,6.158165254,18.51128474,1.322490316,176.2165897,179.5629927,4,triangle
172.7233309,10.29120655,158.9625,162.0465229,16.38954327,4.945101741,177.9108091,166.1788613,4,triangle
0.635198171,118.6104514,16.69924991,153.4349856,17.9496211,10.12463417,176.0868346,164.4146563,4,triangle
174.7433099,10.07714118,158.9625476,164.6647185,17.59241673,2.473301142,176.7079416,166.6291052,4,triangle
172.5516786,149.5001242,155.6109519,8.772746746,19.56936774,1.362430874,177.9108091,169.6645194,4,triangle
161.1309746,175.3893008,147.0946259,150.0183629,29.74492078,21.46768507,170.4799176,165.182352,4,triangle
137.8366656,173.9910985,20.22485106,18.43497698,126.8699036,6.00864047,160.3462017,136.1160009,4,triangle
178.0765411,178.7165581,3.825717203,147.0900874,168.7432888,157.4170131,176.074344,167.8058097,4,triangle
177.9139966,178.2535875,172.108273,37.01998979,3.122049659,82.87503969,159.7751687,95.90611739,4,triangle
177.935973,175.81521,3.945161813,130.9857972,180,74.94488941,172.7251376,127.9042783,4,triangle
178.9949741,176.4879314,160.5600112,117.4745047,0,164.744907,152.4472071,11.67877184,4,triangle
172.5512834,171.9570181,71.24118132,12.99461009,94.63563419,5.355732388,176.4087129,157.7098724,4,triangle
170.1561336,168.0848787,24.77511378,5.403668355,149.0363163,1.964931929,171.8700308,166.8412425,4,triangle
174.6949987,174.2176149,37.74685247,7.125133906,119.5387924,0.535588509,165.7841792,162.0346942,4,triangle
174.6203557,165.9637245,41.01747505,142.125035,102.4778195,159.2277313,169.9861171,15.21687388,4,triangle
168.9298765,1.536078217,168.929841,173.5583144,6.434741612,2.067153761,171.7176457,158.9625286,4,triangle
154.9508291,171.4936539,169.5741702,2.703057113,0,2.563993109,173.3066328,167.8114051,4,triangle
173.4801907,173.3407956,179.2049994,8.595896773,0.515862081,5.906176906,168.7617608,168.5034533,4,triangle
171.6144689,176.1859193,88.20993884,6.490660426,84.55983007,2.419941059,170.2435514,159.1455556,4,triangle
174.3753443,2.529019941,176.4965831,175.3258822,2.245679077,2.774387298,172.22663,158.7907584,4,triangle
173.8628819,170.5360385,173.0296494,36.85568736,7.408805724,27.05866773,174.4237058,10.23689003,4,triangle
175.0909627,175.1822816,20.85436766,15.20107027,166.7596875,160.4927589,169.4909718,176.86481,4,triangle
178.7973157,168.903939,62.40170002,9.795989604,73.84292541,7.853229809,137.7559816,164.3546842,4,triangle
178.7814748,175.0606462,19.65384911,125.9029525,149.0362101,69.05254246,171.2851013,133.1523989,4,triangle
143.7890585,174.0140109,73.442803,27.10268002,67.61986024,158.5145642,174.7227367,89.27168895,4,triangle
166.6570745,164.2192879,10.61959932,135.5256255,160.0168809,91.00507514,179.1291191,146.9441711,4,triangle
138.8534699,163.7797954,45.75383436,145.2221667,103.5572045,152.9873357,175.453602,172.9421421,4,triangle
122.0926037,157.5368719,37.99872208,136.8779066,82.3039809,146.6687892,178.854141,176.1465391,4,triangle
162.9384407,145.320983,72.00693508,101.6989624,96.73598637,148.3713297,169.5921705,178.4923396,4,triangle
177.5320068,19.2677302,112.7094048,100.9141166,41.57398167,111.5014214,153.6782225,6.496911116,4,triangle
174.6488431,169.2021257,30.12901845,19.13365097,141.3401989,32.09261797,175.4261113,178.871521,4,triangle
1.301910463,158.1314245,13.60056133,96.54626621,126.1274123,150.7166928,172.0475169,177.9599118,4,triangle
139.5502802,174.9205524,89.42897595,100.1755208,58.08139784,120.5102394,176.8424107,178.029697,4,triangle
175.2134484,165.9968526,57.00510916,132.6259384,81.04613375,135.4358291,177.1655843,176.8658092,4,triangle
147.5287822,159.9343509,100.6697873,83.08317657,104.9586502,149.1810989,176.718067,178.2831978,4,triangle
87.20729762,160.9212814,14.67636273,123.8994109,84.23851991,130.3962082,173.90066,177.2345877,4,triangle
162.5921548,161.2673008,115.18479,63.75270117,134.6756658,98.41612342,176.8008344,172.2481721,4,triangle
160.9829158,174.2072518,124.0715869,138.1797303,130.3598375,78.02393624,177.7974403,101.9761301,4,triangle
164.2752656,173.5090073,122.4711919,157.2489147,134.6868712,20.85449237,175.9145722,171.0896958,4,triangle
165.8135377,175.0303564,101.8118503,82.87497258,129.1841937,84.67332379,178.4660891,177.7031343,4,triangle
7.236926212,10.05036668,10.94675669,125.7273733,126.7130086,74.05465987,167.9294657,177.6250426,4,triangle
159.7751193,152.8503275,111.6147971,100.6697926,125.6510313,64.19884369,174.0939227,166.3423359,4,triangle
165.0958007,165.387977,92.50654676,67.24793298,141.5001147,94.81787134,176.5552512,175.4325396,4,triangle
168.9192633,173.5682454,80.63129797,69.88562366,141.9299812,92.02541324,179.5211188,176.0134592,4,triangle
167.667473,166.172044,112.6863297,88.18290842,126.449994,74.45047554,175.948024,179.727319,4,triangle
156.3223544,164.1047914,110.9986813,150.0684598,121.8659705,21.12479292,179.7878579,178.8584183,4,triangle
157.9435848,168.1113899,98.8203588,153.4349322,107.9203233,19.72230319,179.9259813,170.5825511,4,triangle
167.9963281,178.2350837,94.33232403,162.4200279,127.5041584,147.0752186,178.2309858,164.8516507,4,triangle
44.1814957,160.5976943,63.2211462,122.5248553,80.36251238,145.1914819,171.416336,174.9668182,4,triangle
39.87868563,170.277345,50.12132873,130.2514964,92.95456396,155.4306872,175.3286071,174.0938563,4,triangle
177.6089442,172.8185896,32.67204961,89.28637118,140.7364828,176.751343,172.5603773,179.6719465,4,triangle
179.667209,171.1855016,144.2461131,33.04968013,176.241306,143.2954049,178.1402731,176.9299896,4,triangle
170.2932728,174.4337664,154.1176192,42.59402506,164.7874074,109.3697682,177.7763042,174.8460735,4,triangle
177.1708378,156.8014034,144.3754608,77.47120243,157.5454271,78.5663099,174.857453,178.4027157,4,triangle
176.702,161.965688,138.3433568,98.53075328,150.812517,74.47588338,176.4633209,169.9641053,4,triangle
158.1628941,164.3361303,118.7397599,144.6051877,131.5053093,19.04662776,179.6841009,97.46676168,4,triangle
168.4248304,161.7037602,119.6871599,159.7174477,128.6597787,12.39089619,177.2070482,170.7889987,4,triangle
156.6147811,161.029536,118.6431391,133.6219986,132.3907985,25.36216573,179.3332404,179.9720235,4,triangle
168.0521882,144.4762836,135.3964847,70.92489848,150.255093,80.05944264,175.6014965,175.6906103,4,triangle
161.8248553,143.5719706,127.8544044,70.1593633,145.5480471,94.96968919,175.0861761,158.5816484,4,triangle
169.2512537,166.8068132,135.4410271,63.91891584,150.9495983,85.89843595,176.7805817,176.0301466,4,triangle
168.0145853,180,124.2911734,19.87080301,175.1671787,142.1250183,174.0938563,177.8084866,4,triangle
167.1333734,172.6350489,56.61844406,30.13355619,161.2228384,157.7758907,172.8963741,177.7747205,4,triangle
118.4956571,174.0094935,47.90380263,129.5881538,130.708709,170.7273745,177.4914175,174.0531737,4,triangle
167.4712841,179.3703712,42.99429129,125.0683312,142.4094464,177.3524023,175.8147888,175.7514859,4,triangle
92.60251473,170.4918598,54.66218114,127.679599,115.3038674,158.8186234,174.4367247,172.0793983,4,triangle
176.8201691,166.00908,73.68616379,108.5205199,84.3908388,128.8192683,179.7593373,171.2459253,4,triangle
158.7723867,26.56507546,78.29236827,129.7375672,59.54561647,68.8839833,178.9635347,178.2550449,4,triangle
129.4724824,10.78428535,66.0375382,119.744869,52.12502623,73.24972553,178.3156499,175.7513937,4,triangle
179.370682,177.2734376,16.09081545,148.3136133,137.3441932,176.7262497,179.4841379,177.5178513,4,triangle
116.6569955,139.9697465,14.40818094,12.31500635,107.3630056,34.53258197,50.29812086,133.6678144,4,triangle
158.4985883,178.2101993,44.10479925,124.6951504,143.3494519,171.3475314,173.086103,176.7996719,4,triangle
176.8199844,174.8897107,47.72629143,91.72619721,163.7611245,175.0412094,175.3597836,179.684721,4,triangle
179.2446302,168.76297,80.65312921,75.37272076,166.5320724,166.514107,178.1204892,177.6387627,4,triangle
167.4211786,173.2903617,26.76398495,149.3493462,118.0006022,167.0940339,177.4883764,90.69016174,4,triangle
178.1776915,23.09185944,135.8645212,52.07214666,168.3383984,136.9531003,173.4033745,178.8524345,4,triangle
174.3320599,177.5265406,138.0950779,147.9384167,159.5908474,140.6625451,169.1640571,178.4559165,4,triangle
13.32400029,171.2347577,107.9259764,140.3817816,92.47032071,133.2114946,171.6771097,173.3876375,4,triangle
176.4511623,172.4053671,122.1867861,143.7461634,125.735476,135.981006,177.6385969,172.5099072,4,triangle
176.3321631,179.1146347,115.6302458,141.709833,117.0551848,124.695142,178.8168362,176.2683889,4,triangle
178.8844267,176.8667463,114.443944,138.983498,116.2001178,122.4078517,178.8168362,175.829602,4,triangle
14.85108859,172.4053671,32.36930487,124.6951254,117.4145385,112.4303553,179.412825,178.7693303,4,triangle
176.5907294,178.8781297,176.3030242,162.284927,143.4942006,167.9377157,178.1423789,176.6567198,4,triangle
176.6336099,176.2416186,138.3433517,156.929544,153.9745925,155.9244653,172.4988596,168.9510441,4,triangle
176.6332029,168.3197605,70.31969546,165.1300827,73.32119206,160.6849362,179.3601977,173.9099237,4,triangle
167.9052705,168.055818,129.8055624,145.2221487,134.9999797,138.2519555,178.6123791,175.1419903,4,triangle
171.8699101,0.523393364,119.0546047,33.01459002,126.1796048,136.2074547,177.6387627,174.2694711,4,triangle
167.1682176,163.8278151,123.7893783,136.4202395,137.7408155,135.6986769,174.7081645,171.1712275,4,triangle
172.4054188,169.0389553,133.0250582,147.3884728,142.8908301,146.8529785,174.7082386,171.2025002,4,triangle
174.1256034,176.6336681,141.1914638,32.52856212,174.1006639,157.2444203,176.454916,176.6088095,4,triangle
173.8824629,175.2774345,32.54429032,162.4602798,124.9506458,169.7778402,173.1908684,171.1435682,4,triangle
176.8919019,176.675335,143.7073102,149.4807173,6.044129514,161.7156324,172.0078,178.1032831,4,triangle
150.8128322,172.0202135,127.1138285,164.3113198,25.04231399,162.3131419,162.1565216,174.0982388,4,triangle
177.1428846,179.1726746,110.201987,143.5508233,24.69104884,145.8573341,164.8528269,176.5891218,4,triangle
139.551254,179.3589755,151.6991735,6.574112974,13.17258178,3.28139605,171.3711493,176.0670678,4,triangle
160.2405396,168.6414334,138.8140864,69.17913231,14.74354136,93.01282398,177.2180735,169.0437339,4,triangle
166.3532745,173.0402103,132.6680129,109.3885317,9.37934498,130.1516787,159.9571474,175.5001549,4,triangle
129.8056024,170.4726522,156.1398256,111.8014422,7.125023773,139.5537913,160.7967567,170.5816746,4,triangle
175.2475388,169.5084932,127.2235979,90.81849533,12.06942373,125.1158955,166.6103189,169.3280475,4,triangle
171.8699101,168.7643721,126.8698908,126.2538635,11.14291645,159.4438881,159.8142057,169.1265003,4,triangle
